{"cameraMode":{"drawMode":0,"name":"Shaded","section":"Shading Mode"},"sceneLighting":false,"audioPlay":false,"sceneViewState":{"showFog":true,"showMaterialUpdate":false,"showSkybox":false,"showFlares":true,"showImageEffects":true,"showParticleSystems":true,"showVisualEffectGraphs":true,"m_FxEnabled":true},"in2DMode":false,"pivot":{"x":0.007999986410140992,"y":0.005450129508972168,"z":-0.1851031482219696},"rotation":{"x":-0.04297085478901863,"y":0.6598958373069763,"z":-0.03787561133503914,"w":-0.749212920665741},"size":0.761238157749176,"orthographic":false}