{"cameraMode":{"drawMode":0,"name":"Shaded","section":"Shading Mode"},"sceneLighting":false,"audioPlay":false,"sceneViewState":{"showFog":true,"showMaterialUpdate":false,"showSkybox":false,"showFlares":true,"showImageEffects":true,"showParticleSystems":true,"showVisualEffectGraphs":true,"m_FxEnabled":true},"in2DMode":false,"pivot":{"x":0.007999986410140992,"y":0.005450129508972168,"z":-0.1851031482219696},"rotation":{"x":-0.01006527803838253,"y":0.5737418532371521,"z":-0.007087395992130041,"w":-0.8189824819564819},"size":0.761238157749176,"orthographic":false}