{"cameraMode":{"drawMode":0,"name":"Shaded","section":"Shading Mode"},"sceneLighting":false,"audioPlay":false,"sceneViewState":{"showFog":true,"showMaterialUpdate":false,"showSkybox":false,"showFlares":true,"showImageEffects":true,"showParticleSystems":true,"showVisualEffectGraphs":true,"m_FxEnabled":true},"in2DMode":false,"pivot":{"x":-0.052392736077308658,"y":-0.0073984116315841679,"z":-0.40227311849594118},"rotation":{"x":0.010042145848274231,"y":-0.7933734059333801,"z":0.013091426342725754,"w":0.6085231304168701},"size":1.0221374034881592,"orthographic":false}