{"cameraMode":{"drawMode":0,"name":"Shaded","section":"Shading Mode"},"sceneLighting":false,"audioPlay":false,"sceneViewState":{"showFog":true,"showMaterialUpdate":false,"showSkybox":false,"showFlares":true,"showImageEffects":true,"showParticleSystems":true,"showVisualEffectGraphs":true,"m_FxEnabled":true},"in2DMode":false,"pivot":{"x":-0.0021547237411141397,"y":-1.120582103729248,"z":-0.2511976659297943},"rotation":{"x":-0.07819715142250061,"y":-0.029308799654245378,"z":0.002298104576766491,"w":-0.9965232014656067},"size":1.0136489868164063,"orthographic":false}