{"cameraMode":{"drawMode":0,"name":"Shaded","section":"Shading Mode"},"sceneLighting":false,"audioPlay":false,"sceneViewState":{"showFog":true,"showMaterialUpdate":false,"showSkybox":false,"showFlares":true,"showImageEffects":true,"showParticleSystems":true,"showVisualEffectGraphs":true,"m_FxEnabled":true},"in2DMode":false,"pivot":{"x":-0.0021547237411141397,"y":-1.120582103729248,"z":-0.2511976659297943},"rotation":{"x":-0.06274806708097458,"y":-0.12779605388641358,"z":0.008097846060991288,"w":-0.9897997975349426},"size":0.41364896297454836,"orthographic":false}