{"cameraMode":{"drawMode":0,"name":"Shaded","section":"Shading Mode"},"sceneLighting":true,"audioPlay":false,"sceneViewState":{"showFog":true,"showMaterialUpdate":false,"showSkybox":true,"showFlares":true,"showImageEffects":true,"showParticleSystems":true,"showVisualEffectGraphs":true,"m_FxEnabled":true},"in2DMode":false,"pivot":{"x":589.8751220703125,"y":1050.736083984375,"z":-115.35346221923828},"rotation":{"x":-0.05578044429421425,"y":-0.005394127685576677,"z":0.00030363083351403475,"w":-0.9984378218650818},"size":274.8652648925781,"orthographic":false}