{"cameraMode":{"drawMode":0,"name":"Shaded","section":"Shading Mode"},"sceneLighting":true,"audioPlay":false,"sceneViewState":{"showFog":true,"showMaterialUpdate":false,"showSkybox":true,"showFlares":true,"showImageEffects":true,"showParticleSystems":true,"showVisualEffectGraphs":true,"m_FxEnabled":true},"in2DMode":false,"pivot":{"x":-0.012499988079071045,"y":0.9284999370574951,"z":0.07500000298023224},"rotation":{"x":-0.06392271816730499,"y":-0.5747056603431702,"z":0.04509799927473068,"w":-0.8146170377731323},"size":1.9316960573196412,"orthographic":false}