{"cameraMode":{"drawMode":0,"name":"Shaded","section":"Shading Mode"},"sceneLighting":true,"audioPlay":false,"sceneViewState":{"showFog":true,"showMaterialUpdate":false,"showSkybox":true,"showFlares":true,"showImageEffects":true,"showParticleSystems":true,"showVisualEffectGraphs":true,"m_FxEnabled":true},"in2DMode":false,"pivot":{"x":0.3610891103744507,"y":-0.8203201293945313,"z":-0.9508481025695801},"rotation":{"x":0.13342364132404328,"y":0.2495533674955368,"z":-0.034803591668605807,"w":0.9586257338523865},"size":7.951027870178223,"orthographic":false}