{"cameraMode":{"drawMode":0,"name":"Shaded","section":"Shading Mode"},"sceneLighting":true,"audioPlay":false,"sceneViewState":{"showFog":true,"showMaterialUpdate":false,"showSkybox":true,"showFlares":true,"showImageEffects":true,"showParticleSystems":true,"showVisualEffectGraphs":true,"m_FxEnabled":true},"in2DMode":false,"pivot":{"x":0.13752418756484986,"y":0.49559271335601809,"z":1.7399790287017823},"rotation":{"x":-0.06751401722431183,"y":-0.08460770547389984,"z":0.005748428869992495,"w":-0.9941208958625794},"size":2.19553542137146,"orthographic":false}