{"cameraMode":{"drawMode":0,"name":"Shaded","section":"Shading Mode"},"sceneLighting":true,"audioPlay":false,"sceneViewState":{"showFog":true,"showMaterialUpdate":false,"showSkybox":true,"showFlares":true,"showImageEffects":true,"showParticleSystems":true,"showVisualEffectGraphs":true,"m_FxEnabled":true},"in2DMode":false,"pivot":{"x":0.5066382884979248,"y":0.036008626222610477,"z":0.6321361064910889},"rotation":{"x":0.0191816259175539,"y":-0.18047486245632173,"z":0.003503855550661683,"w":0.9834010601043701},"size":0.8444668650627136,"orthographic":false}