{"cameraMode":{"drawMode":0,"name":"Shaded","section":"Shading Mode"},"sceneLighting":true,"audioPlay":false,"sceneViewState":{"showFog":true,"showMaterialUpdate":false,"showSkybox":true,"showFlares":true,"showImageEffects":true,"showParticleSystems":true,"showVisualEffectGraphs":true,"m_FxEnabled":true},"in2DMode":false,"pivot":{"x":344.7082214355469,"y":696.2191162109375,"z":10.705812454223633},"rotation":{"x":-0.030305368825793268,"y":0.000597158505115658,"z":-0.000015823836292838678,"w":-0.9995499849319458},"size":617.6348876953125,"orthographic":false}