{"cameraMode":{"drawMode":0,"name":"Shaded","section":"Shading Mode"},"sceneLighting":true,"audioPlay":false,"sceneViewState":{"showFog":true,"showMaterialUpdate":false,"showSkybox":true,"showFlares":true,"showImageEffects":true,"showParticleSystems":true,"showVisualEffectGraphs":true,"m_FxEnabled":true},"in2DMode":false,"pivot":{"x":0.19400586187839509,"y":0.380656361579895,"z":0.2265753448009491},"rotation":{"x":0.06704572588205338,"y":0.05295185372233391,"z":0.0035627572797238828,"w":-0.9963440299034119},"size":0.6555665731430054,"orthographic":false}