{"cameraMode":{"drawMode":0,"name":"Shaded","section":"Shading Mode"},"sceneLighting":true,"audioPlay":false,"sceneViewState":{"showFog":true,"showMaterialUpdate":false,"showSkybox":true,"showFlares":true,"showImageEffects":true,"showParticleSystems":true,"showVisualEffectGraphs":true,"m_FxEnabled":true},"in2DMode":false,"pivot":{"x":230.93475341796876,"y":513.5230712890625,"z":12.17953109741211},"rotation":{"x":-0.11837408691644669,"y":-0.051513440907001498,"z":0.006162533536553383,"w":-0.9916449189186096},"size":356.82562255859377,"orthographic":false}