{"cameraMode":{"drawMode":0,"name":"Shaded","section":"Shading Mode"},"sceneLighting":true,"audioPlay":false,"sceneViewState":{"showFog":true,"showMaterialUpdate":false,"showSkybox":true,"showFlares":true,"showImageEffects":true,"showParticleSystems":true,"showVisualEffectGraphs":true,"m_FxEnabled":true},"in2DMode":false,"pivot":{"x":-0.19645266234874726,"y":0.43956851959228518,"z":1.6653287410736085},"rotation":{"x":0.03289198875427246,"y":-0.16154249012470246,"z":0.0052593001164495949,"w":0.9864376783370972},"size":1.5674235820770264,"orthographic":false}