{"cameraMode":{"drawMode":0,"name":"Shaded","section":"Shading Mode"},"sceneLighting":true,"audioPlay":false,"sceneViewState":{"showFog":true,"showMaterialUpdate":false,"showSkybox":true,"showFlares":true,"showImageEffects":true,"showParticleSystems":true,"showVisualEffectGraphs":true,"m_FxEnabled":true},"in2DMode":false,"pivot":{"x":0.3610891103744507,"y":-0.8203201293945313,"z":-0.9508481025695801},"rotation":{"x":-0.0026442811358720066,"y":0.1964186280965805,"z":0.0004894055309705436,"w":0.9806502461433411},"size":7.1573662757873539,"orthographic":false}