{"cameraMode":{"drawMode":0,"name":"Shaded","section":"Shading Mode"},"sceneLighting":false,"audioPlay":false,"sceneViewState":{"showFog":true,"showMaterialUpdate":false,"showSkybox":false,"showFlares":true,"showImageEffects":true,"showParticleSystems":true,"showVisualEffectGraphs":true,"m_FxEnabled":true},"in2DMode":false,"pivot":{"x":0.04727768898010254,"y":1.118857979774475,"z":-1.1920928955078126e-7},"rotation":{"x":0.0018969092052429915,"y":0.9976497292518616,"z":0.031127959489822389,"w":-0.06113183870911598},"size":1.725619912147522,"orthographic":false}