{"cameraMode":{"drawMode":0,"name":"Shaded","section":"Shading Mode"},"sceneLighting":false,"audioPlay":false,"sceneViewState":{"showFog":true,"showMaterialUpdate":false,"showSkybox":false,"showFlares":true,"showImageEffects":true,"showParticleSystems":true,"showVisualEffectGraphs":true,"m_FxEnabled":true},"in2DMode":false,"pivot":{"x":-0.5875001549720764,"y":-0.02894291654229164,"z":-0.2813236117362976},"rotation":{"x":-0.0562688447535038,"y":0.18668507039546967,"z":-0.010709036141633988,"w":-0.980756938457489},"size":1.0646891593933106,"orthographic":false}