{"cameraMode":{"drawMode":0,"name":"Shaded","section":"Shading Mode"},"sceneLighting":false,"audioPlay":false,"sceneViewState":{"showFog":true,"showMaterialUpdate":false,"showSkybox":false,"showFlares":true,"showImageEffects":true,"showParticleSystems":true,"showVisualEffectGraphs":true,"m_FxEnabled":true},"in2DMode":false,"pivot":{"x":0.008694864809513092,"y":-0.10215491056442261,"z":-0.2371148318052292},"rotation":{"x":0.09716158360242844,"y":-0.18255802989006043,"z":0.018134381622076036,"w":0.9782261848449707},"size":0.6572788953781128,"orthographic":false}