{"cameraMode":{"drawMode":0,"name":"Shaded","section":"Shading Mode"},"sceneLighting":false,"audioPlay":false,"sceneViewState":{"showFog":true,"showMaterialUpdate":false,"showSkybox":false,"showFlares":true,"showImageEffects":true,"showParticleSystems":true,"showVisualEffectGraphs":true,"m_FxEnabled":true},"in2DMode":false,"pivot":{"x":-0.1455783247947693,"y":0.44019895792007449,"z":-0.4387894868850708},"rotation":{"x":0.0011868196306750179,"y":0.0770205706357956,"z":0.00009216007310897112,"w":-0.9970319271087647},"size":1.0739197731018067,"orthographic":false}