{"cameraMode":{"drawMode":0,"name":"Shaded","section":"Shading Mode"},"sceneLighting":false,"audioPlay":false,"sceneViewState":{"showFog":true,"showMaterialUpdate":false,"showSkybox":false,"showFlares":true,"showImageEffects":true,"showParticleSystems":true,"showVisualEffectGraphs":true,"m_FxEnabled":true},"in2DMode":false,"pivot":{"x":-0.19951048493385316,"y":0.07046552747488022,"z":-0.49242985248565676},"rotation":{"x":-0.046532079577445987,"y":0.10528557002544403,"z":-0.0049316370859742168,"w":-0.9933439493179321},"size":1.0015709400177003,"orthographic":false}