{"cameraMode":{"drawMode":0,"name":"Shaded","section":"Shading Mode"},"sceneLighting":false,"audioPlay":false,"sceneViewState":{"showFog":true,"showMaterialUpdate":false,"showSkybox":false,"showFlares":true,"showImageEffects":true,"showParticleSystems":true,"showVisualEffectGraphs":true,"m_FxEnabled":true},"in2DMode":false,"pivot":{"x":360.4782409667969,"y":645.5186767578125,"z":-4.655241966247559},"rotation":{"x":-0.016496604308485986,"y":-0.017996495589613916,"z":-0.0002981780271511525,"w":0.9997082948684692},"size":46.05351638793945,"orthographic":false}