{"cameraMode":{"drawMode":0,"name":"Shaded","section":"Shading Mode"},"sceneLighting":false,"audioPlay":false,"sceneViewState":{"showFog":true,"showMaterialUpdate":false,"showSkybox":false,"showFlares":true,"showImageEffects":true,"showParticleSystems":true,"showVisualEffectGraphs":true,"m_FxEnabled":true},"in2DMode":false,"pivot":{"x":355.4643249511719,"y":634.0222778320313,"z":-2.9487037658691408},"rotation":{"x":0.004499162081629038,"y":-0.02159036323428154,"z":-0.0000922555846045725,"w":-0.9997678399085999},"size":636.0130615234375,"orthographic":false}