{"cameraMode":{"drawMode":0,"name":"Shaded","section":"Shading Mode"},"sceneLighting":false,"audioPlay":false,"sceneViewState":{"showFog":true,"showMaterialUpdate":false,"showSkybox":false,"showFlares":true,"showImageEffects":true,"showParticleSystems":true,"showVisualEffectGraphs":true,"m_FxEnabled":true},"in2DMode":false,"pivot":{"x":355.4643249511719,"y":634.0222778320313,"z":-2.9487037658691408},"rotation":{"x":0.0044481209479272369,"y":0.150335893034935,"z":0.0006819618865847588,"w":-0.9886345863342285},"size":104.83448791503906,"orthographic":false}