{"cameraMode":{"drawMode":0,"name":"Shaded","section":"Shading Mode"},"sceneLighting":false,"audioPlay":false,"sceneViewState":{"showFog":true,"showMaterialUpdate":false,"showSkybox":false,"showFlares":true,"showImageEffects":true,"showParticleSystems":true,"showVisualEffectGraphs":true,"m_FxEnabled":true},"in2DMode":false,"pivot":{"x":-0.2968214452266693,"y":-0.3521096706390381,"z":0.3392951190471649},"rotation":{"x":0.18430139124393464,"y":-0.08098569512367249,"z":0.015240900218486786,"w":0.9794150590896606},"size":0.9502940773963928,"orthographic":false}