{"cameraMode":{"drawMode":0,"name":"Shaded","section":"Shading Mode"},"sceneLighting":false,"audioPlay":false,"sceneViewState":{"showFog":true,"showMaterialUpdate":false,"showSkybox":false,"showFlares":true,"showImageEffects":true,"showParticleSystems":true,"showVisualEffectGraphs":true,"m_FxEnabled":true},"in2DMode":false,"pivot":{"x":0.18074935674667359,"y":0.23710986971855164,"z":-0.0349467396736145},"rotation":{"x":0.005149447824805975,"y":0.7719163298606873,"z":-0.0058793979696929459,"w":0.6359139084815979},"size":0.8392090201377869,"orthographic":false}