{"cameraMode":{"drawMode":0,"name":"Shaded","section":"Shading Mode"},"sceneLighting":false,"audioPlay":false,"sceneViewState":{"showFog":true,"showMaterialUpdate":false,"showSkybox":false,"showFlares":true,"showImageEffects":true,"showParticleSystems":true,"showVisualEffectGraphs":true,"m_FxEnabled":true},"in2DMode":false,"pivot":{"x":0.651792585849762,"y":-0.13565406203269959,"z":0.24128971993923188},"rotation":{"x":0.05703495442867279,"y":-0.09154143184423447,"z":0.005330527666956186,"w":0.9942333698272705},"size":1.1651899814605713,"orthographic":false}