{"cameraMode":{"drawMode":0,"name":"Shaded","section":"Shading Mode"},"sceneLighting":true,"audioPlay":false,"sceneViewState":{"showFog":true,"showMaterialUpdate":false,"showSkybox":true,"showFlares":true,"showImageEffects":true,"showParticleSystems":true},"in2DMode":false,"pivot":{"x":0.008297600783407689,"y":-0.023944908753037454,"z":-10.086183547973633},"rotation":{"x":0.11177201569080353,"y":0.6498926281929016,"z":-0.09741724282503128,"w":0.7454932332038879},"size":7.200830936431885,"orthographic":false}