{"cameraMode":{"drawMode":0,"name":"Shaded","section":"Shading Mode"},"sceneLighting":false,"audioPlay":false,"sceneViewState":{"showFog":true,"showMaterialUpdate":false,"showSkybox":false,"showFlares":true,"showImageEffects":true,"showParticleSystems":true},"in2DMode":false,"pivot":{"x":404.15032958984377,"y":676.126220703125,"z":48.74285888671875},"rotation":{"x":-0.010807637125253678,"y":0.04108140245079994,"z":-0.000280586420558393,"w":-0.9991121888160706},"size":364.3638610839844,"orthographic":false}