{"cameraMode":{"drawMode":0,"name":"Shaded","section":"Shading Mode"},"sceneLighting":true,"audioPlay":false,"sceneViewState":{"showFog":true,"showMaterialUpdate":false,"showSkybox":true,"showFlares":true,"showImageEffects":true,"showParticleSystems":true},"in2DMode":false,"pivot":{"x":0.38095635175704958,"y":1.6628178358078004,"z":1.917182445526123},"rotation":{"x":-0.19599241018295289,"y":0.10041551291942597,"z":-0.020169956609606744,"w":-0.9753134846687317},"size":1.5911991596221924,"orthographic":false}