{"cameraMode":{"drawMode":0,"name":"Shaded","section":"Shading Mode"},"sceneLighting":true,"audioPlay":false,"sceneViewState":{"showFog":true,"showMaterialUpdate":false,"showSkybox":true,"showFlares":true,"showImageEffects":true,"showParticleSystems":true},"in2DMode":false,"pivot":{"x":2.314091444015503,"y":-5.878389835357666,"z":9.68587875366211},"rotation":{"x":0.3434751331806183,"y":0.13477414846420289,"z":-0.04921896010637283,"w":0.9282705187797546},"size":6.4878740310668949,"orthographic":false}