{"cameraMode":{"drawMode":0,"name":"Shaded","section":"Shading Mode"},"sceneLighting":false,"audioPlay":false,"sceneViewState":{"showFog":true,"showMaterialUpdate":false,"showSkybox":false,"showFlares":true,"showImageEffects":true,"showParticleSystems":true},"in2DMode":false,"pivot":{"x":346.0531311035156,"y":640.4215087890625,"z":-4.978899002075195},"rotation":{"x":-0.07468447834253311,"y":-0.11877623200416565,"z":0.00912883598357439,"w":-0.9900859594345093},"size":59.836299896240237,"orthographic":false}