{"cameraMode":{"drawMode":0,"name":"Shaded","section":"Shading Mode"},"sceneLighting":true,"audioPlay":false,"sceneViewState":{"showFog":true,"showMaterialUpdate":false,"showSkybox":true,"showFlares":true,"showImageEffects":true,"showParticleSystems":true},"in2DMode":false,"pivot":{"x":192.7355499267578,"y":221.10882568359376,"z":-117.01129913330078},"rotation":{"x":-0.08120553195476532,"y":0.023029714822769166,"z":-0.0016887049423530698,"w":-0.9964602589607239},"size":57.317726135253909,"orthographic":false}