{"cameraMode":{"drawMode":0,"name":"Shaded","section":"Shading Mode"},"sceneLighting":false,"audioPlay":false,"sceneViewState":{"showFog":true,"showMaterialUpdate":false,"showSkybox":false,"showFlares":true,"showImageEffects":true,"showParticleSystems":true},"in2DMode":false,"pivot":{"x":346.0531311035156,"y":640.4215087890625,"z":-4.978899002075195},"rotation":{"x":-0.11337888240814209,"y":-0.19041338562965394,"z":0.0223113801330328,"w":-0.9748953580856323},"size":34.10787582397461,"orthographic":false}