{"cameraMode":{"drawMode":0,"name":"Shaded","section":"Shading Mode"},"sceneLighting":false,"audioPlay":false,"sceneViewState":{"showFog":true,"showMaterialUpdate":false,"showSkybox":false,"showFlares":true,"showImageEffects":true,"showParticleSystems":true,"showVisualEffectGraphs":true,"m_FxEnabled":true},"in2DMode":false,"pivot":{"x":0.2405186891555786,"y":0.3641657829284668,"z":0.22656849026679994},"rotation":{"x":0.06567111611366272,"y":-0.09266993403434754,"z":0.006097111385315657,"w":0.9935324192047119},"size":2.814690113067627,"orthographic":false}