{"cameraMode":{"drawMode":0,"name":"Shaded","section":"Shading Mode"},"sceneLighting":false,"audioPlay":false,"sceneViewState":{"showFog":true,"showMaterialUpdate":false,"showSkybox":false,"showFlares":true,"showImageEffects":true,"showParticleSystems":true,"showVisualEffectGraphs":true,"m_FxEnabled":true},"in2DMode":false,"pivot":{"x":-0.1402936577796936,"y":0.14033009111881257,"z":-0.15012051165103913},"rotation":{"x":0.04891164228320122,"y":0.78716641664505,"z":-0.06296741217374802,"w":0.6117021441459656},"size":0.7327677607536316,"orthographic":false}