{"cameraMode":{"drawMode":0,"name":"Shaded","section":"Shading Mode"},"sceneLighting":false,"audioPlay":false,"sceneViewState":{"showFog":true,"showMaterialUpdate":false,"showSkybox":false,"showFlares":true,"showImageEffects":true,"showParticleSystems":true,"showVisualEffectGraphs":true,"m_FxEnabled":true},"in2DMode":false,"pivot":{"x":-0.1402936577796936,"y":0.14033009111881257,"z":-0.15012051165103913},"rotation":{"x":0.00984939280897379,"y":-0.4053192436695099,"z":0.0044577945955097679,"w":0.9141995310783386},"size":0.7327677011489868,"orthographic":false}