{"cameraMode":{"drawMode":0,"name":"Shaded","section":"Shading Mode"},"sceneLighting":false,"audioPlay":false,"sceneViewState":{"showFog":true,"showMaterialUpdate":false,"showSkybox":false,"showFlares":true,"showImageEffects":true,"showParticleSystems":true,"showVisualEffectGraphs":true,"m_FxEnabled":true},"in2DMode":false,"pivot":{"x":-0.2830541133880615,"y":0.026720421388745309,"z":-0.13311928510665894},"rotation":{"x":0.04240152984857559,"y":-0.5147933959960938,"z":0.025502841919660569,"w":0.8558927178382874},"size":0.8880102038383484,"orthographic":false}