{"cameraMode":{"drawMode":0,"name":"Shaded","section":"Shading Mode"},"sceneLighting":false,"audioPlay":false,"sceneViewState":{"showFog":true,"showMaterialUpdate":false,"showSkybox":false,"showFlares":true,"showImageEffects":true,"showParticleSystems":true,"showVisualEffectGraphs":true,"m_FxEnabled":true},"in2DMode":false,"pivot":{"x":-0.1402936577796936,"y":0.14033009111881257,"z":-0.15012051165103913},"rotation":{"x":-0.06387579441070557,"y":-0.23170487582683564,"z":-0.015150259248912335,"w":0.970652163028717},"size":0.7327677011489868,"orthographic":false}